target,model,MAE,MSE,RMSE,MAPE
daily_orders,ARIMA,9.797718969464468,152.64148070915596,12.290705929271164,7.245702063931058
daily_revenue,ARIMA,2794.837431241176,11421623.847786702,3364.485249149299,8.194805208761945
