target,model,MAE,MSE,RMSE,MAPE
daily_orders,LinearRegression,10.127927797402206,163.4950182683151,12.651407291912236,7.654634401402295
daily_orders,XGBoost,11.333072492811416,198.53875085678817,13.980753645034286,8.670421351080583
daily_revenue,LinearRegression,2833.9889011410305,12029099.72317864,3449.220632945641,8.436801374673271
daily_revenue,XGBoost,3083.3454548611103,13886379.89852225,3718.4805219459554,9.212893152220401
